<?xml version="1.0" encoding="UTF-8"?>
<preferences>
 <debug showDebugMenu="0" />
 <systemtable filter="All Interfaces">
  <columns>
   <connections preferredWidth="191" />
   <irq preferredWidth="47" />
   <name preferredWidth="178" />
  </columns>
 </systemtable>
 <library
   expandedCategories="Library/Basic Functions,Library/Basic Functions/Clocks; PLLs and Resets,Project,Library,Library/Basic Functions/Clocks; PLLs and Resets/PLL" />
 <window width="1754" height="1037" x="-7" y="0" />
 <generation block_symbol_file="0" />
</preferences>
